<?xml version="1.0" encoding="UTF-8"?>
<project-private xmlns="http://www.netbeans.org/ns/project-private/1">
    <editor-bookmarks xmlns="http://www.netbeans.org/ns/editor-bookmarks/2" lastBookmarkId="0"/>
    <open-files xmlns="http://www.netbeans.org/ns/projectui-open-files/2">
        <group>
            <file>file:/C:/ProyectosNetbeans/JIntermedio/JInter_Tarea5_Semana5/src/jinter_tarea5_semana5/RegistroEmpleados.java</file>
            <file>file:/C:/ProyectosNetbeans/JIntermedio/JInter_Tarea5_Semana5/src/jinter_tarea5_semana5/MantenimientoEmpleados.java</file>
        </group>
    </open-files>
</project-private>
